display_name,player_id,rookie_year,estimated_pfr_id
Desmond Clark,00-0003035,NA,ClarDe00
Brian Finneran,00-0005231,NA,FinnBr00
Joey Galloway,00-0005720,NA,GallJo00
Reggie Kelly,00-0009119,NA,KellRe00
Jimmy Kleinsasser,00-0009323,NA,KleiJi00
Derrick Mason,00-0010500,NA,MasoDe00
Terrell Owens,00-0012478,NA,OwenTe00
Mike Sellers,00-0014655,NA,SellMi00
Hines Ward,00-0017162,NA,WardHi00
Anthony Becht,00-0019457,NA,BechAn00
Alge Crumpler,00-0020285,NA,CrumAl00
David Martin,00-0020332,NA,MartDa00
Brandon Manumaleuna,00-0020342,NA,ManuBr00
T.J. Houshmandzadeh,00-0020438,NA,HousTJ00
Chris Chambers,00-0020446,NA,ChamCh00
Donte' Stallworth,00-0021147,NA,StalDo00
Jeremy Shockey,00-0021148,NA,ShocJe00
Daniel Graham,00-0021154,NA,GrahDa00
Jerramy Stevens,00-0021159,NA,StevJe00
Chris Baker,00-0021213,NA,BakeCh00
Justin Peelle,00-0021227,NA,PeelJu00
Robert Royal,00-0021273,NA,RoyaRo00
John Gilmore,00-0021304,NA,GilmJo00
Greg Lewis,00-0021508,NA,LewiGr00
Antonio Gates,00-0021547,2003,GateAn00
Kassim Osgood,00-0021570,NA,OsgoKa00
Jerheme Urban,00-0021647,NA,UrbaJe00
Will Heller,00-0021756,NA,HellWi00
Sam Aiken,00-0021915,NA,AikeSa00
Donald Lee,00-0021929,NA,LeeDo00
Justin Gage,00-0021982,NA,GageJu00
Kevin Curtis,00-0022001,NA,CurtKe00
Arnaz Battle,00-0022064,NA,BattAr00
Bryant Johnson,00-0022156,NA,JohnBr00
Kelley Washington,00-0022171,NA,WashKe00
Terrance Copper,00-0022388,NA,CoppTe00
Malcom Floyd,00-0022414,NA,FloyMa00
Ruvell Martin,00-0022421,NA,MartRu00
Wes Welker,00-0022427,NA,WelkWe00
Kris Wilson,00-0022714,NA,WilsKr00
Michael Clayton,00-0022725,NA,ClayMi00
Keary Colbert,00-0022726,NA,ColbKe00
Jeff Dugan,00-0022746,NA,DugaJe00
Patrick Crayton,00-0022766,NA,CrayPa00
Bernard Berrian,00-0022807,NA,BerrBe00
Ben Hartsock,00-0022847,NA,HartBe00
Ernest Wilford,00-0022901,NA,WilfEr00
Roy Williams,00-0022909,NA,WillRo04
Lee Evans,00-0022910,NA,EvanLe00
Stephen Spach,00-0023108,NA,SpacSt00
Josh Cribbs,00-0023176,NA,CribJo00
Tory Humphrey,00-0023210,NA,HumpTo00
Lance Moore,00-0023310,NA,MoorLa00
Nate Washington,00-0023367,NA,WashNa00
Greg Camarillo,00-0023408,NA,CamaGr00
Rashied Davis,00-0023429,NA,DaviRa00
Mike Williams,00-0023452,NA,WillMi03
Mark Clayton,00-0023457,NA,ClayMa00
Roscoe Parrish,00-0023490,NA,ParrRo00
Courtney Roby,00-0023503,NA,RobyCo00
Alex Smith,00-0023506,NA,SmitAl00
Roydell Williams,00-0023570,NA,WillRo05
Bo Scaife,00-0023612,NA,ScaiBo00
Billy Bajema,00-0023679,NA,BajeBi00
Daniel Fells,00-0023752,NA,FellDa00
Brian Clark,00-0023790,NA,ClarBr00
Darcy Johnson,00-0023797,NA,JohnDa03
Miles Austin,00-0023921,2006,AustMi00
Sam Hurd,00-0023953,NA,HurdSa00
Micheal Spurlock,00-0023968,NA,SpurMi00
Hank Baskett,00-0024013,NA,BaskHa00
Leonard Pope,00-0024287,NA,PopeLe00
Derek Hagan,00-0024297,NA,HagaDe00
David Thomas,00-0024301,NA,ThomDa00
Maurice Stovall,00-0024305,NA,StovMa00
Garrett Mills,00-0024321,NA,MillGa00
Demetrius Williams,00-0024326,NA,WillDe03
David Anderson,00-0024465,NA,AndeDa00
Gijon Robinson,00-0024529,NA,RobiGi00
Eric Weems,00-0024535,2007,WeemEr00
Daniel Coats,00-0024607,NA,CoatDa00
Jesse Holley,00-0024609,NA,HollJe00
Dominique Zeigler,00-0024687,NA,ZeigDo00
Matt Willis,00-0024756,NA,WillMa00
Craig Davis,00-0025417,NA,DaviCr00
Anthony Gonzalez,00-0025419,NA,GonzAn00
Dwayne Jarrett,00-0025432,NA,JarrDw00
Yamon Figurs,00-0025461,NA,FiguYa00
Jason Hill,00-0025463,NA,HillJa00
Matt Spaeth,00-0025464,NA,SpaeMa00
Mike Sims-Walker,00-0025466,NA,SimsMi00
Johnnie Lee Higgins,00-0025486,NA,Lee Jo00
Isaiah Stanback,00-0025490,NA,StanIs00
David Clowney,00-0025544,NA,ClowDa00
Legedu Naanee,00-0025559,NA,NaanLe00
Ben Patrick,00-0025602,NA,PatrBe00
Chansi Stuckey,00-0025622,NA,StucCh00
Jonathan Stupar,00-0025864,NA,StupJo00
Darius Reynaud,00-0025951,NA,ReynDa00
Davone Bess,00-0026000,NA,BessDa00
Matthew Mulligan,00-0026008,NA,MullMa00
Taj Smith,00-0026032,NA,SmitTa00
Gary Banks,00-0026056,NA,BankGa00
Evan Moore,00-0026123,NA,MoorEv00
Devin Thomas,00-0026174,NA,ThomDe02
Martin Rucker,00-0026251,NA,RuckMa00
Paul Hubbard,00-0026331,NA,HubbPa00
Brett Swain,00-0026357,NA,SwaiBr00
Steve Johnson,00-0026364,NA,JohnSt00
Adrian Arrington,00-0026377,NA,ArriAd00
Anthony Armstrong,00-0026465,NA,ArmsAn00
Stefan Logan,00-0026491,NA,LogaSt00
Nick Miller,00-0026536,NA,MillNi00
Marcus Thigpen,00-0026577,2009,ThigMa00
Zach Potter,00-0026658,NA,PottZa00
John Matthews,00-0026665,NA,MattJo00
Colin Cloherty,00-0026669,NA,ClohCo00
Chris Williams,00-0026691,NA,WillCh00
Kevin Brock,00-0026699,NA,BrocKe00
Quan Cosby,00-0026716,NA,CosbQu00
Jordan Norwood,00-0026739,2009,NorwJo00
Charly Martin,00-0026753,NA,MartCh00
Kory Sperry,00-0026757,NA,SperKo00
Kevin Ogletree,00-0026780,NA,OgleKe00
Ryan Purvis,00-0026804,NA,PurvRy00
Tom Crabtree,00-0026878,NA,CrabTo00
Anthony Hill,00-0026908,NA,HillAn00
Sammie Stroughter,00-0026953,NA,StroSa00
Cameron Morrah,00-0026963,NA,MorrCa00
Brian Robiskie,00-0027012,NA,RobiBr00
Richard Quinn,00-0027040,NA,QuinRi00
Derrick Williams,00-0027056,NA,WillDe05
Patrick Turner,00-0027059,NA,TurnPa00
Deon Butler,00-0027063,NA,ButlDe00
Chase Coffman,00-0027069,NA,CoffCh00
Shawn Nelson,00-0027088,NA,NelsSh00
Jarett Dillard,00-0027105,NA,DillJa00
Manuel Johnson,00-0027149,NA,JohnMa00
Jake O'Connell,00-0027154,NA,OConJa00
Tiquan Underwood,00-0027156,NA,UndeTi00
Dan Gronkowski,00-0027157,NA,GronDa00
Chad Hall,00-0027188,NA,HallCh00
Michael Palmer,00-0027202,NA,PalmMi00
Logan Paulsen,00-0027215,2010,PaulLo00
Naaman Roosevelt,00-0027220,NA,RoosNa00
Jake Ballard,00-0027259,NA,BallJa00
Duke Calhoun,00-0027261,NA,CalhDu00
Victor Cruz,00-0027265,2010,CruzVi00
Jeremy Horne,00-0027308,NA,HornJe00
Jeff Cumberland,00-0027321,2010,CumbJe00
David Nelson,00-0027322,NA,NelsDa00
Stephen Williams,00-0027349,NA,WillSt00
Max Komar,00-0027352,NA,KomaMa00
Marlon Moore,00-0027356,NA,MoorMa00
Roberto Wallace,00-0027358,NA,WallRo00
Verran Tucker,00-0027429,NA,TuckVe00
Chastin West,00-0027441,NA,WestCh00
Jeron Mastrud,00-0027445,NA,MastJe00
Preston Parker,00-0027450,2010,ParkPr00
Brandon James,00-0027470,NA,JameBr00
Blair White,00-0027477,NA,WhitBl00
Mike Caussin,00-0027500,NA,CausMi00
Donald Jones,00-0027518,NA,JoneDo00
Seyi Ajirotutu,00-0027581,NA,AjirSe00
Richie Brockel,00-0027583,2010,BrocRi00
Richard Goodman,00-0027585,NA,GoodRi00
Bryan Walters,00-0027595,NA,WaltBr00
Trindon Holliday,00-0027606,NA,HollTr00
Kyle Williams,00-0027608,NA,WillKy00
Armanti Edwards,00-0027692,NA,EdwaAr00
Taylor Price,00-0027693,NA,PricTa00
Mardy Gilyard,00-0027700,NA,GilyMa00
Marcus Easley,00-0027708,NA,EaslMa00
Andrew Quarless,00-0027753,NA,QuarAn00
David Reed,00-0027755,NA,ReedDa00
Brody Eldridge,00-0027761,NA,EldrBr00
Kerry Meier,00-0027764,NA,MeieKe00
Fendi Onobun,00-0027769,NA,OnobFe00
Carlton Mitchell,00-0027776,NA,MitcCa00
Nate Byham,00-0027780,NA,ByhaNa00
Anthony McCoy,00-0027783,NA,McCoAn00
Mickey Shuler,00-0027809,2010,ShulMi00
Terrence Austin,00-0027813,NA,AustTe00
Marc Mariani,00-0027816,2010,MariMa00
Dorin Dickerson,00-0027819,NA,DickDo00
Jim Dray,00-0027825,2010,DrayJi00
Dedrick Epps,00-0027827,NA,EppsDe00
Tim Tebow,00-0027876,2010,TeboTi00
Danario Alexander,00-0027912,NA,AlexDa00
Andrew Hawkins,00-0027918,2011,HawkAn00
Emmanuel Arceneaux,00-0027920,NA,ArceEm00
Jon Baldwin,00-0027964,NA,BaldJo00
Rob Housler,00-0028007,NA,HousRo00
Kris Durham,00-0028045,NA,DurhKr00
Clyde Gates,00-0028049,NA,GateCl00
Kealoha Pilares,00-0028070,NA,PilaKe00
Ryan Whalen,00-0028105,NA,WhalRy00
Richard Gordon,00-0028119,NA,GordRi00
Ryan Taylor,00-0028156,NA,TaylRy00
Stephen Burton,00-0028174,NA,BurtSt00
DeMarco Sampson,00-0028187,NA,SampDe00
Konrad Reuland,00-0028238,NA,ReulKo00
Joe Hastings,00-0028242,NA,HastJo00
Jeremy Ross,00-0028249,2011,RossJe00
Andre Holmes,00-0028263,2011,HolmAn00
Allen Reisner,00-0028267,NA,ReisAl00
Weslye Saunders,00-0028270,NA,SaunWe00
LaQuan Williams,00-0028288,NA,WillLa00
Josh Baker,00-0028291,NA,BakeJo00
Michael Campbell,00-0028293,NA,CampMi00
Collin Franklin,00-0028295,NA,FranCo00
Drew Davis,00-0028307,NA,DaviDr00
Kyle Adams,00-0028337,NA,AdamKy00
Kris Adams,00-0028338,NA,AdamKr00
Dane Sanzenbacher,00-0028352,NA,SanzDa00
Michael Preston,00-0028362,NA,PresMi00
Armon Binns,00-0028400,NA,BinnAr00
Tommy Gallarda,00-0028406,NA,GallTo00
Jamar Newsome,00-0028417,NA,NewsJa00
Doug Baldwin,00-0028434,2011,BaldDo00
Ricardo Lockette,00-0028442,NA,LockRi00
Kamar Aiken,00-0028497,2011,AikeKa00
Zack Pianalto,00-0028509,NA,PianZa00
Mike Higgins,00-0028522,NA,HiggMi00
Joseph Morgan,00-0028532,2011,MorgJo00
Lestar Jean,00-0028542,NA,JeanLe00
Colin Cochart,00-0028550,NA,CochCo00
Tori Gurley,00-0028596,NA,GurlTo00
Kerry Taylor,00-0028606,NA,TaylKe00
David Gilreath,00-0028646,NA,GilrDa00
Mike McNeill,00-0028651,NA,McNeMi00
Chris Matthews,00-0028702,2011,MattCh00
Kevin Cone,00-0028792,NA,ConeKe00
Terrelle Pryor,00-0028825,2011,PryoTe00
Larry Donnell,00-0028838,2012,DonnLa00
Hayden Smith,00-0028842,NA,SmitHa00
Gerell Robinson,00-0028892,NA,RobiGe00
Garrett Celek,00-0028903,2012,CeleGa00
Chris Owusu,00-0028905,NA,OwusCh00
Nathan Palmer,00-0028906,NA,PalmNa00
Josh Cooper,00-0028930,NA,CoopJo00
Cory Harkey,00-0028958,2012,HarkCo00
Brian Tyms,00-0028984,NA,TymsBr00
Phillip Supernaw,00-0028987,2012,SupePh00
Dominique Jones,00-0028994,NA,JoneDo01
Saalim Hakim,00-0029006,NA,HakiSa00
Griff Whalen,00-0029033,2012,WhalGr00
Jarrett Boykin,00-0029051,NA,BoykJa00
Kevin Elliott,00-0029055,NA,ElliKe00
Bradley Sowell,00-0029091,2012,SoweBr00
Eric Page,00-0029098,NA,PageEr00
Derek Moye,00-0029108,NA,MoyeDe00
Rod Streater,00-0029129,2012,StreRo00
Mike Brown,00-0029155,NA,BrowMi00
Jermaine Kearse,00-0029159,2012,KearJe00
Danny Noble,00-0029183,NA,NoblDa00
Toney Clemons,00-0029204,NA,ClemTo00
David Paulson,00-0029218,NA,PaulDa00
Pat Edwards,00-0029227,NA,EdwaPa00
Devon Wylie,00-0029274,NA,WyliDe00
Evan Rodriguez,00-0029276,NA,RodrEv00
Adrien Robinson,00-0029281,NA,RobiAd00
Tommy Streeter,00-0029300,NA,StreTo00
Junior Hemingway,00-0029311,NA,HemiJu00
Brad Smelley,00-0029315,NA,SmelBr00
Josh Bellamy,00-0029319,2012,BellJo00
Brittan Golden,00-0029336,2012,GoldBr00
LaRon Byrd,00-0029343,NA,ByrdLa00
Julian Talley,00-0029367,NA,TallJu00
Deonte Thompson,00-0029388,2012,ThomDe04
Sean McGrath,00-0029391,2012,McGrSe00
Brenton Bersin,00-0029394,2012,BersBr00
Marvin McNutt,00-0029424,NA,McNuMa00
Chase Ford,00-0029432,2012,FordCh00
De'Andre Presley,00-0029463,NA,PresDe00
Joe Anderson,00-0029494,NA,AndeJo00
Cooper Helfet,00-0029534,2012,HelfCo00
Jeremy Ebert,00-0029552,NA,EberJe00
Taylor Thompson,00-0029590,NA,ThomTa00
Brandon Bostick,00-0029601,2012,BostBr00
James Hanna,00-0029634,2012,HannJa00
Jordan White,00-0029642,NA,WhitJo00
Josh Gordon,00-0029664,2012,GordJo00
Ifeanyi Momah,00-0029740,2013,MomaIf00
Brian Leonhardt,00-0029755,NA,LeonBr00
Darius Johnson,00-0029778,NA,JohnDa06
Brandon Williams,00-0029793,2013,WillBr00
Nick Williams,00-0029848,2013,WillNi00
Lamaar Thomas,00-0029856,NA,ThomLa00
Skye Dawson,00-0029868,NA,DawsSk00
MarQueis Gray,00-0029878,2013,GrayMa00
Joseph Fauria,00-0029883,2013,FaurJo00
Timothy Wright,00-0029910,2013,WrigTi00
Rodney Smith,00-0029934,2013,SmitRo00
Zach Sudfeld,00-0029999,NA,SudfZa00
Kenbrell Thompkins,00-0030000,2013,ThomKe00
Da'Rick Rogers,00-0030043,NA,RogeDa00
Corey Fuller,00-0030095,2013,FullCo00
Michael Williams,00-0030110,NA,WillMi06
Kevin Dorsey,00-0030116,NA,DorsKe00
B.J. Daniels,00-0030120,2013,DaniB.00
Justice Cunningham,00-0030129,NA,CunnJu00
Russell Shepard,00-0030147,2013,ShepRu00
Frankie Hammond,00-0030154,2013,HammFr00
Rico Richardson,00-0030162,NA,RichRi00
Ryan Spadola,00-0030175,2013,SpadRy00
Rashad Ross,00-0030187,2013,RossRa00
Jake Stoneburner,00-0030272,NA,StonJa00
Myles White,00-0030274,2013,WhitMy00
Jaron Brown,00-0030300,2013,BrowJa00
Greg Jenkins,00-0030370,NA,JenkGr00
Marlon Brown,00-0030400,2013,BrowMa00
Justin Brown,00-0030466,NA,BrowJu00
Jordan Thompson,00-0030647,NA,ThomJo00
Jonathan Krause,00-0030659,2014,KrauJo00
Bennie Fowler,00-0030670,2014,FowlBe00
Isaiah Burse,00-0030671,2014,BursIs00
Jeremy Butler,00-0030691,2014,ButlJe00
Freddie Martino,00-0030737,2014,MartFr00
Bernard Reedy,00-0030743,2014,ReedBe00
Justin Perillo,00-0030758,NA,PeriJu00
Ryan Hewitt,00-0030780,2014,HewiRy00
Brandon Coleman,00-0030801,2014,ColeBr00
Je'Ron Hamm,00-0030805,2014,HammJe00
Nic Jacobs,00-0030806,NA,JacoNi00
Seantavius Jones,00-0030807,2014,JoneSe00
Allen Hurns,00-0030821,2014,HurnAl00
Marcel Jensen,00-0030822,NA,JensMa00
Asante Cleveland,00-0030832,2014,ClevAs00
Solomon Patton,00-0030839,NA,PattSo00
Erik Swoope,00-0030854,2014,SwooEr00
Tony Washington,00-0030856,2014,WashTo00
Gator Hoskins,00-0030865,NA,HoskGa00
Corey Washington,00-0030897,2014,WashCo00
Javontee Herndon,00-0030920,2014,HernJa00
Xavier Grimble,00-0031035,2014,GrimXa00
Corey Brown,00-0031118,2014,BrowCo00
Seth Roberts,00-0031166,2014,RobeSe00
Scott Simonson,00-0031167,2014,SimoSc00
Taylor Gabriel,00-0031228,2014,GabrTa00
Walt Powell,00-0031268,2014,PoweWa00
Kevin Smith,00-0031320,NA,SmitKe00
Kevin Norwood,00-0031327,2014,NorwKe00
Jerome Cunningham,00-0031462,2014,CunnJe00
DeAndrew White,00-0031511,2015,WhitDe00
Quan Bray,00-0031514,2015,BrayQu00
Randall Telfer,00-0031533,2015,TelfRa00
Shane Wynn,00-0031684,2015,WynnSh00
Jordan Taylor,00-0031697,2015,TaylJo00
Connor Hamlett,00-0031732,2015,HamlCo00
Matt LaCosse,00-0031744,2015,LaCoMa00
Lucky Whitehead,00-0031757,2015,WhitLu00
Eli Rogers,00-0031782,2015,RogeEl00
Matt Lengel,00-0031788,2015,LengMa00
Jordan Leslie,00-0031801,2015,LeslJo00
Tyler Murphy,00-0031816,NA,MurpTy00
Bradley Marquez,00-0031818,2015,MarqBr00
Larry Pinkard,00-0031834,2015,PinkLa00
Chris Harper,00-0031854,2015,HarpCh00
Gabe Holmes,00-0031884,2015,HolmGa00
Cameron Meredith,00-0031912,2015,MereCa00
Khari Lee,00-0031922,2015,LeeKh00
Chandler Worthy,00-0031932,NA,WortCh00
E.J. Bibbs,00-0031968,2015,BibbE.00
Darius Jennings,00-0031972,2015,JennDa00
Ben Edwards,00-0032001,NA,EdwaBe00
Will Tye,00-0032004,2015,TyexWi00
Donteea Dye,00-0032008,2015,DyexDo00
Isaac Fruechte,00-0032012,2015,FrueIs00
Andrew Turzilli,00-0032045,2015,TurzAn00
Dezmin Lewis,00-0032070,2015,LewiDe00
Brian Parker,00-0032089,2015,ParkBr00
Gerald Christian,00-0032190,2015,ChriGe00
Kasen Williams,00-0032250,2015,WillKa00
Ross Travis,00-0032319,2016,TravRo00
Maurice Harris,00-0032362,2016,HarrMa00
DeMarcus Ayers,00-0032365,2016,AyerDe00
Malcolm Mitchell,00-0032400,2016,MitchMa01
Tanner McEvoy,00-0032475,2016,McEvTa00
Bralon Addison,00-0032482,2016,AddiBr00
Hakeem Valles,00-0032508,2016,VallHa00
Braedon Bowman,00-0032515,2016,BowmBr00
Henry Krieger-Coble,00-0032523,2016,KrieHe00
Cole Wick,00-0032562,2016,WickCo00
Joshua Perkins,00-0032599,2016,PerkJo00
Geronimo Allison,00-0032626,2016,AlliGe00
David Grinnage,00-0032634,2016,GrinDa00
Ryan Malleck,00-0032650,2016,MallRy00
Darius Powe,00-0032656,2016,PoweDa00
Roger Lewis,00-0032659,2016,LewiRo00
Ben Braunecker,00-0032661,2016,BrauBe00
Paul McRoberts,00-0032679,2016,McRoPa00
Jalin Marshall,00-0032694,2016,MarsJa00
Ed Eagan,00-0032705,2016,EagaEd00
Andy Jones,00-0032707,2016,JoneAn00
Bryce Treggs,00-0032724,2016,TregBr00
Tevin Jones,00-0032728,2016,JoneTe00
Wendall Williams,00-0032739,2016,WillWe00
Alan Cross,00-0032745,2016,CrosAl00
Daniel Braverman,00-0032801,2016,BravDa00
Hunter Sharp,00-0032839,2016,SharHu00
Paul Turner,00-0032841,2016,TurnPa01
Alex Ellis,00-0032864,2016,ElliAl00
Tommylee Lewis,00-0032881,2016,LewiTo00
K.J. Brent,00-0032926,2016,BrenK.00
Johnny Holton,00-0032935,2016,HoltJo00
Max McCaffrey,00-0032937,2016,McCaMa00
Duke Williams,00-0032945,2016,WillDu00
Jordan Payton,00-0032974,2016,PaytJo00
Austin Traylor,00-0033043,2016,TrayAu00
Marquis Bundy,00-0033087,2016,BundMa00
Cyril Grayson,00-0033215,2017,GrayCy00
JoJo Natson,00-0033266,2017,NatsJo00
Victor Bolden,00-0033306,2017,BoldVi00
Cole Hikutini,00-0033315,2017,HikuCo00
Michael Clark,00-0033352,2017,ClarMi00
Tim White,00-0033379,2017,WhitTi00
Austin Carr,00-0033382,2017,CarrAu00
Cody Hollister,00-0033386,2017,HollCo00
Bobo Wilson,00-0033434,2017,WilsBo00
Keon Hatcher,00-0033441,2017,HatcKe00
Isaac Whitney,00-0033449,2017,WhitIs00
Gehrig Dieter,00-0033474,2017,DietGe00
Emanuel Byrd,00-0033514,2017,ByrdEm00
Krishawn Hogan,00-0033604,2017,HogaKr00
Jason Croom,00-0033627,2017,CrooJa00
Tanner Gentry,00-0033633,2017,GentTa00
Sean Culkin,00-0033696,2017,CulkSe00
Andre Patton,00-0033705,2017,PattAn00
Travis Rudolph,00-0033717,2017,RudoTr00
Tyrone Swoopes,00-0033742,2017,SwooTy00
Riley McCarron,00-0033773,2017,McCaRi00
Chris Thompson,00-0033855,2017,ThomCh00
Fred Brown,00-0033994,2017,BrowFr00
Rashard Davis,00-0034034,2017,DaviRa01
River Cracraft,00-0034054,2017,CracRi00
Steven Mitchell,00-0034081,2018,MitcSt00
Matt Flanagan,00-0034101,2018,FlanMa00
Marcus Baugh,00-0034169,2018,BaugMa00
Kevin Rader,00-0034193,2018,RadeKe00
Jeff Badet,00-0034207,2018,BadeJe00
Da'Mari Scott,00-0034256,2018,ScotDa00
Derrick Willies,00-0034258,2018,WillDe06
Keith Kirkwood,00-0034317,2018,KirkKe00
Deon Yelder,00-0034319,2018,YeldDe00
Jalen Tolliver,00-0034489,2018,TollJa00
Jawill Davis,00-0034499,2018,DaviJa00
Robert Foster,00-0034510,2018,FostRo00
Cam Phillips,00-0034512,2018,PhilCa00
Jordan Franks,00-0034532,2018,FranJo03
J.J. Jones,00-0034560,2018,JoneJ.00
David Wells,00-0034575,2018,WellDa00
Chris Lacy,00-0034593,2018,LacyCh00
Tanner Hudson,00-0034613,2018,HudsTa00
Vyncint Smith,00-0034631,2018,SmitVy00
Brandon Powell,00-0034646,2018,PoweBr00
Cameron Batson,00-0034652,2018,BatsCa00
Deontay Burnett,00-0034653,2018,BurnDe00
Rico Gafford,00-0034660,2018,GaffRi00
Ethan Wolf,00-0034672,2018,WolfEt00
John Franklin,00-0034705,2018,FranJo04
Darvin Kidsy,00-0034710,2018,KidsDa00
Codey McElroy,00-0034735,2018,McElCo00
Jaeden Graham,00-0034788,2018,GrahJa00
KhaDarel Hodge,00-0034854,2018,HodgKh00
Malik Turner,00-0034867,2018,TurnMa00
Ishmael Hyman,00-0034922,2019,HymaIs00
Andrew Beck,00-0034959,2019,BeckAn00
Hale Hentges,00-0035025,2019,HentHa00
Stephen Carlson,00-0035039,2019,CarlSt00
D.J. Montgomery,00-0035045,2019,MontD.00
Davion Davis,00-0035101,2019,DaviDa00
Alexander Hollins,00-0035104,2019,HollAl00
Keelan Doss,00-0035120,2019,DossKe00
Antoine Wesley,00-0035126,2019,WeslAn00
Cody Thompson,00-0035164,2019,ThomCo00
Darrius Shepherd,00-0035181,2019,ShepDa00
Trenton Irwin,00-0035341,2019,IrwiTr00
Chris Myarick,00-0035345,2019,MyarCh00
Tyree Jackson,00-0035356,2019,JackTy00
David Sills,00-0035359,2019,SillDa00
Michael Walker,00-0035374,2019,WalkMi00
Damion Willis,00-0035401,2019,WillDa00
Daniel Helm,00-0035428,2019,HelmDa00
Jason Moore,00-0035432,2019,MoorJa00
Greg Dortch,00-0035500,2019,DortGr00
Tom Kennedy,00-0035544,2019,KennTo00
Ventell Bryant,00-0035548,2019,BryaVe00
Charles Jones,00-0035553,2019,JoneCh00
Jesper Horsted,00-0035562,2019,HorsJe00
Parker Hesse,00-0035572,2019,HessPa00
Alex Bachman,00-0035602,2019,BachAl00
Kendall Blanton,00-0035603,2019,BlanKe00
Mitchell Wilcox,00-0035771,2020,WilcMi00
Kirk Merritt,00-0035844,2020,MerrKi00
DeMichael Harris,00-0035848,2020,HarrDe00
Austin Mack,00-0035869,2020,MackAu00
Andre Baccellia,00-0035876,2020,BaccAn00
Maurice Ffrench,00-0035883,2020,FfreMa00
Cody White,00-0035891,2020,WhitCo00
Trishton Jackson,00-0035934,2020,JackTr00
Giovanni Ricci,00-0035956,2020,RiccGi00
Noah Togiai,00-0036005,2020,TogiNo00
Hunter Bryant,00-0036008,2020,BryaHu00
Sean McKeon,00-0036032,2020,McKeSe00
Tyler Mabry,00-0036059,2020,MabrTy00
Easop Winston,00-0036080,2020,WinsEa00
Isaiah Zuber,00-0036100,2020,ZubeIs00
Ja'Marcus Bradley,00-0036110,2020,BradJa00
Lawrence Cager,00-0036145,2020,CageLa00
Tommy Hudson,00-0036173,2020,HudsTo00
Mason Kinsey,00-0036176,2020,KinsMa00
Kristian Wilkerson,00-0036183,2020,WilkKr00
Tarik Black,00-0036491,2021,BlacTa00
Tim Jones,00-0036497,2021,JoneTi00
Kenny Yeboah,00-0036510,2021,YeboKe00
D.J. Turner,00-0036527,2021,TurnD.00
Shane Zylstra,00-0036534,2021,ZylsSh00
Quintin Morris,00-0036590,2021,MorrQu00
Miller Forristall,00-0036692,2021,ForrMi00
Brock Wright,00-0036754,2021,WrigBr00
Cade Johnson,00-0036810,2021,JohnCa00
Feleipe Franks,00-0036825,2021,FranFe00
Austin Trammell,00-0036841,2021,TramAu00
C.J. Saunders,00-0036910,2021,SaunC.00
Michael Bandy,00-0036959,2021,BandMi00
Mike Woods,00-0037300,2022,WoodMi00
Tanner Conner,00-0037348,2022,ConnTa00
Kwamie Lassiter,00-0037420,2022,LassKw00
Rod Williams,00-0037451,2022,WillRo08
Maurice Alexander,00-0037708,2022,AlexMa00
Kavontae Turpin,00-0037801,2022,TurpKa00
Josh Ali,00-0038149,2022,AlixJo00
Ben Sims,00-0038809,2023,SimsBe00