display_name,fixed_pfr_id,old_pfr_id,player_id,season
Josh Cribbs,CribJo01,CribJo00,00-0023176,2012
Alex Smith,SmitAl02,SmitAl00,00-0023506,2012
David Thomas,ThomDa02,ThomDa00,00-0024301,2012
Zach Potter,PottZa99,PottZa00,00-0026658,2012
Chris Williams,WillCh06,WillCh00,00-0026691,2014
Jake Ballard,BallJa21,BallJa00,00-0027259,2013
David Nelson,NelsDa01,NelsDa00,00-0027322,2012
Stephen Williams,WillSt01,WillSt00,00-0027349,2013
Marlon Moore,MoorMa02,MoorMa00,00-0027356,2012
Jeron Mastrud,MastJe20,MastJe00,00-0027445,2013
Kyle Williams,WillKy01,WillKy00,00-0027608,2012
Mickey Shuler,ShulMi01,ShulMi00,00-0027809,2014
Rob Housler,HousRo01,HousRo00,00-0028007,2012
Jeremy Ross,RossJe01,RossJe00,00-0028249,2013
Michael Campbell,CampMi01,CampMi00,00-0028293,2013
Kevin Elliott,ElliKe02,ElliKe00,00-0029055,2012
Jermaine Kearse,KearJe01,KearJe00,00-0029159,2012
David Paulson,PaulDa01,PaulDa00,00-0029218,2012
Josh Bellamy,BellJo02,BellJo00,00-0029319,2014
NA,JohnDa04,JohnDe22,00-0029435,2012
Jordan White,WhitJo02,WhitJo00,00-0029642,2012
Josh Gordon,GordJo02,GordJo00,00-0029664,2012
Brian Leonhardt,LeonBr01,LeonBr00,00-0029755,2015
Brandon Williams,WillBr04,WillBr00,00-0029793,2014
Nick Williams,WillNi02,WillNi00,00-0029848,2013
Lamaar Thomas,ThomLa02,ThomLa00,00-0029856,2013
Timothy Wright,WrigTi01,WrigTi00,00-0029910,2013
Rodney Smith,SmitRo05,SmitRo00,00-0029934,2014
Kenbrell Thompkins,ThomKe02,ThomKe00,00-0030000,2013
Da'Rick Rogers,RogeDa01,RogeDa00,00-0030043,2013
Kevin Dorsey,DorsKe01,DorsKe00,00-0030116,2014
Jake Stoneburner,StonJa01,StonJa00,00-0030272,2015
Jaron Brown,BrowJa03,BrowJa00,00-0030300,2016
Jordan Thompson,ThomJo03,ThomJo00,00-0030647,2014
Isaiah Burse,BursIs01,BursIs00,00-0030671,2014
Jeremy Butler,ButlJe01,ButlJe00,00-0030691,2015
Bernard Reedy,ReedBe01,ReedBe00,00-0030743,2017
Je'Ron Hamm,HammJe01,HammJe00,00-0030805,2016
Seantavius Jones,JoneSe01,JoneSe00,00-0030807,2015
Allen Hurns,HurnAl01,HurnAl00,00-0030821,2014
Marcel Jensen,JensMa01,JensMa00,00-0030822,2014
Solomon Patton,PattSo01,PattSo00,00-0030839,2014
Gator Hoskins,HoskHa00,HoskGa00,00-0030865,2014
Corey Brown,BrowPh00,BrowCo00,00-0031118,2014
Kevin Smith,SmitKe04,SmitKe00,00-0031320,2015
DeAndrew White,WhitDe01,WhitDe00,00-0031511,2015
Jordan Taylor,TaylJo01,TaylJo00,00-0031697,2016
Connor Hamlett,HamlCo01,HamlCo00,00-0031732,2016
Chris Harper,HarpCh01,HarpCh00,00-0031854,2015
Khari Lee,LeexKh00,LeeKh00,00-0031922,2015
Dezmin Lewis,LewiDe02,LewiDe00,00-0032070,2016
Kasen Williams,WillKa02,WillKa00,00-0032250,2015
Maurice Harris,HarrMa05,HarrMa00,00-0032362,2016
Malcolm Mitchell,MitcMa01,MitchMa01,00-0032400,2016
Tanner McEvoy,McEvTa01,McEvTa00,00-0032475,2016
Bralon Addison,AddiBr01,AddiBr00,00-0032482,2016
Joshua Perkins,PerkJo02,PerkJo00,00-0032599,2016
Geronimo Allison,AlliGe01,AlliGe00,00-0032626,2016
Darius Powe,PoweDa02,PoweDa00,00-0032656,2017
Roger Lewis,LewiRo03,LewiRo00,00-0032659,2016
Jalin Marshall,MarsJa01,MarsJa00,00-0032694,2016
Andy Jones,JoneAn01,JoneAn00,00-0032707,2018
Tevin Jones,JoneTe02,JoneTe00,00-0032728,2019
Hunter Sharp,SharHu01,SharHu00,00-0032839,2017
Alex Ellis,ElliAl01,ElliAl00,00-0032864,2016
Max McCaffrey,McCaMa01,McCaMa00,00-0032937,2017
Duke Williams,WillDu01,WillDu00,00-0032945,2019
Cyril Grayson,GrayCy01,GrayCy00,00-0033215,2019
Bobo Wilson,WilsJe00,WilsBo00,00-0033434,2017
Chris Thompson,ThomCh05,ThomCh00,00-0033855,2017
Fred Brown,BrowFr01,BrowFr00,00-0033994,2019
Steven Mitchell,MitcSt02,MitcSt00,00-0034081,2019
Marcus Baugh,BaugMa02,BaugMa00,00-0034169,2020
Da'Mari Scott,ScotDa02,ScotDa00,00-0034256,2019
NA,ConkTy00,IzzoRy00,00-0034270,2018
Jawill Davis,DaviJa07,DaviJa00,00-0034499,2018
Robert Foster,FostRo01,FostRo00,00-0034510,2018
J.J. Jones,JoneJJ00,JoneJ.00,00-0034560,2018
Jaeden Graham,GrahJa01,GrahJa00,00-0034788,2019
Andrew Beck,BeckAn01,BeckAn00,00-0034959,2019
D.J. Montgomery,MontDJ01,MontD.00,00-0035045,2021
Davion Davis,DaviDa03,DaviDa00,00-0035101,2021
Antoine Wesley,WeslAn01,WeslAn00,00-0035126,2021
Cody Thompson,ThomCo04,ThomCo00,00-0035164,2023
Tyree Jackson,JackTy01,JackTy00,00-0035356,2021
David Sills,SillDa01,SillDa00,00-0035359,2021
Damion Willis,WillDa11,WillDa00,00-0035401,2019
Daniel Helm,HelmDa01,HelmDa00,00-0035428,2021
Jason Moore,MoorJa02,MoorJa00,00-0035432,2019
Greg Dortch,DortGr01,DortGr00,00-0035500,2021
Tom Kennedy,KennTo01,KennTo00,00-0035544,2021
Charles Jones,JoneCh10,JoneCh00,00-0035553,2019
Kendall Blanton,BlanKe01,BlanKe00,00-0035603,2021
Mitchell Wilcox,WilcMi01,WilcMi00,00-0035771,2021
DeMichael Harris,HarrDe09,HarrDe00,00-0035848,2020
Austin Mack,MackAu01,MackAu00,00-0035869,2020
Cody White,WhitCo05,WhitCo00,00-0035891,2021
Trishton Jackson,JackTr02,JackTr00,00-0035934,2023
Hunter Bryant,BryaHu02,BryaHu00,00-0036008,2020
Sean McKeon,McKeSe01,McKeSe00,00-0036032,2021
Lawrence Cager,CageLa01,CageLa00,00-0036145,2020
D.J. Turner,TurnDJ00,TurnD.00,00-0036527,2022
Brock Wright,WrigBr01,WrigBr00,00-0036754,2021
C.J. Saunders,SaunCJ00,SaunC.00,00-0036910,2021